Date,CHCC,KSE,MCB,OGDC,NML
1-Jan-15,72.11,32503.8,308.98,206.44,124.3
2-Jan-15,75.71,32731.61,311.9,208.56,128.88
5-Jan-15,76.41,32757.79,309.13,209.16,128.78
6-Jan-15,77.69,32668.73,309.95,210.04,126.92
7-Jan-15,77.95,32835.94,319.65,210.69,126.79
8-Jan-15,76.75,33117.47,316.31,212.8,127.79
9-Jan-15,77.06,33324.82,311.05,218.31,130.84
12-Jan-15,76.36,33418.2,317.09,216.89,131.22
13-Jan-15,76.5,33371.29,318.8,210.43,131.64
14-Jan-15,76.7,33585.75,320.06,209.77,131.89
15-Jan-15,76.15,33765.61,321.34,209.5,132.19
16-Jan-15,75.97,33786.44,326.11,207.97,131.18
19-Jan-15,78.33,34014.26,330.68,212.73,131.49
20-Jan-15,78.16,34121.3,334.4,213.39,132.69
21-Jan-15,77.24,34329.5,334.87,214.2,134.33
22-Jan-15,76,34146.97,334.85,216.6,133.68
23-Jan-15,74.75,34026.59,329.75,217.29,133.86
26-Jan-15,76.34,34466.53,333.77,214.6,135.85
27-Jan-15,78.05,34538.45,332.49,214.63,133.7
28-Jan-15,79.06,34386.86,333.96,213.49,130.15
29-Jan-15,81.51,34408.73,334.81,214.12,131.64
30-Jan-15,85.45,34443.87,334.82,210.94,130.73
2-Feb-15,88.33,34676.31,334.5,216.86,134.66
3-Feb-15,89.81,34826.51,338.82,221.93,132.17
4-Feb-15,88.02,34672.25,331.75,218.08,130.45
6-Feb-15,88.43,34656.94,321.27,217.09,132.45
9-Feb-15,87.13,34570.3,314.52,214.97,133.24
10-Feb-15,85.51,34432.89,314.32,217.45,134.48
11-Feb-15,83.21,34203.99,314.33,213.68,132.58
12-Feb-15,82.35,33786.42,305.22,210.44,129.7
13-Feb-15,80.53,33943.2,306.72,211.22,128
16-Feb-15,79.07,33796.44,303.38,213.54,127.72
17-Feb-15,79.07,33801.1,301.88,214.65,127.44
18-Feb-15,77.71,33718.86,301.41,215.49,126.18
19-Feb-15,79.42,33942.27,306.96,212.17,128.92
20-Feb-15,76.67,33993,314.48,212.05,128.11
23-Feb-15,76.18,33926.7,312.17,210.94,127.56
24-Feb-15,75.25,33895.46,317.92,210.05,125.97
25-Feb-15,75.02,33845.3,318.31,208.91,125.53
26-Feb-15,73.81,33762.8,317.08,209.48,125.12
27-Feb-15,73.57,33632.19,303.95,211.15,124.02
2-Mar-15,71.41,33213.58,303.46,208.89,122.72
3-Mar-15,74.32,33188.77,293.89,206.98,123.82
4-Mar-15,77.56,33242.94,297.74,205.32,123.02
5-Mar-15,78.03,33368.83,296,205.97,122.96
6-Mar-15,80.2,33263.66,288.59,204.14,122.71
9-Mar-15,77.84,32860.57,279.71,204.27,119.34
10-Mar-15,76.39,32566.59,276.58,204.36,116.69
11-Mar-15,78.21,32539.61,277.82,203.51,116.91
12-Mar-15,78.45,32582.68,274.93,203.81,116.86
13-Mar-15,81.25,32929.09,277.6,204.95,118.78
16-Mar-15,79.24,32454.91,277.73,197.74,114.45
17-Mar-15,78.77,32342.26,273.95,196.39,113.89
18-Mar-15,75.34,31524.98,270.96,188.23,111.2
19-Mar-15,75.64,31451.62,264.3,188.71,109.5
20-Mar-15,78.16,31800.26,251.09,187.85,113.33
24-Mar-15,75.44,31310.73,239.25,186.08,110.36
25-Mar-15,74.36,31086.51,240.25,183.44,109.61
26-Mar-15,71.83,30678.97,242.69,186.75,105
27-Mar-15,68.53,29957.83,238.67,182.14,102.89
30-Mar-15,65.36,28927.04,234.8,177.35,97.75
31-Mar-15,68.62,30233.87,246.53,181.53,102.18
1-Apr-15,72.05,30605.05,258.4,176.93,101.43
2-Apr-15,75.65,31132.25,258.82,177.58,105.69
3-Apr-15,79.32,31413.96,260.29,172.44,110.97
6-Apr-15,80.55,31752.17,261.76,173.35,111.78
7-Apr-15,78.82,31600.73,258.88,174.37,110.06
8-Apr-15,78.22,31887.3,251.63,177.84,113.03
9-Apr-15,79.43,32013.91,254.23,177.11,113.51
10-Apr-15,80.87,32350.93,262.89,175.29,114.1
13-Apr-15,79.23,32248.45,259.79,174.35,112.45
14-Apr-15,77.99,32109.87,258.72,174.18,114.33
15-Apr-15,77.51,32248.86,259.9,176.83,113.37
16-Apr-15,78.1,32736.43,263.03,180.67,115.53
17-Apr-15,79.98,33234.73,271.32,185.2,115.97
20-Apr-15,77.23,33304.64,284.71,184.77,111.83
21-Apr-15,76.2,33035.77,284.36,181.03,107.17
22-Apr-15,76.62,33490.64,287.46,180.71,110.44
23-Apr-15,75.79,33456.74,282.28,179.79,110.17
24-Apr-15,74.96,33775.12,286.19,183.93,111.61
27-Apr-15,74.24,33844.29,291.68,183.14,110.15
28-Apr-15,73.57,33575.94,285.39,181.58,110.68
29-Apr-15,73.28,33460.01,281.15,181.86,111.06
30-Apr-15,74.62,33729.96,276.28,182.84,112.25
4-May-15,74.51,33723.53,277.42,182.55,112.97
5-May-15,73.58,33533.64,276.01,182.23,112.4
6-May-15,73.54,33839.28,279.02,191.31,112.95
7-May-15,73.37,33742.88,275.87,194.43,110.91
8-May-15,72.96,33530.3,273.26,190.01,110.57
11-May-15,69.93,32506.36,264.04,187.83,106.57
12-May-15,73.38,33023.8,268.65,190.03,108.03
13-May-15,72.03,32915.44,267.2,189.99,107.21
14-May-15,72.29,33103.73,265.24,189.55,108.36
15-May-15,71.85,33039.19,266.1,187.06,107.59
18-May-15,70.79,32886.06,269.85,186.62,106.04
19-May-15,70.19,32729.55,268.53,186.04,103.82
20-May-15,70.56,32599,265.07,186.04,104.03
21-May-15,71.81,32617.74,266.49,184.15,104.93
22-May-15,71.89,32605.62,267.73,185.82,104.82
25-May-15,75.27,32707.22,254.35,191.92,106.14
26-May-15,74.03,32510.35,249.32,189.99,104.91
27-May-15,77.71,32842.59,254.29,189.29,110.01
28-May-15,77.33,32763.48,255.96,185.98,107.63
29-May-15,76.76,33056.79,268.54,184.73,108.37
1-Jun-15,76.77,33563.38,268.64,185.65,111.02
2-Jun-15,76.9,33895.34,281.76,189.71,110.2
3-Jun-15,77.45,33908.62,281.24,189.07,109.05
4-Jun-15,79.59,34085.74,277.49,189.51,110.8
5-Jun-15,80.39,34012.49,272.79,187.52,113.93
8-Jun-15,84.4,34151.11,260.95,187.21,116.85
9-Jun-15,88.62,34270.28,257.52,187.58,116.11
10-Jun-15,89,34323.84,252.04,189.24,116.34
11-Jun-15,86.43,34594.7,247.14,195.87,116.68
12-Jun-15,87.04,34651.29,246.58,194.83,120.62
15-Jun-15,85.69,34710.29,247.39,193.55,120.11
16-Jun-15,85.99,34516.3,242.3,191.33,118.55
17-Jun-15,84.88,34482,235.19,190.7,117.34
18-Jun-15,85.04,34674.61,240.87,193.45,116.51
19-Jun-15,84.24,34526.7,239.81,193.84,116.08
22-Jun-15,83.18,34278.42,237.1,191.85,114
23-Jun-15,83.25,34133.83,232.88,188.51,113.43
24-Jun-15,84.15,34331.94,236.69,186.17,112.84
25-Jun-15,83.61,34077.92,237.72,182.42,112.57
26-Jun-15,84.33,33885.13,239.43,178.21,113.94
29-Jun-15,84.8,34093.55,244.15,176.88,114.13
30-Jun-15,87.03,34398.86,249.12,179.24,114.23
1-Jul-15,87.49,34843.6,260.29,181.82,115.87
2-Jul-15,90.36,35186.56,265.5,183.05,117.4
3-Jul-15,91.66,35456.35,268.9,183.5,120
6-Jul-15,91.04,35502.28,267.96,179.97,119.75
7-Jul-15,94.82,35537.69,265.41,176.29,117.94
8-Jul-15,92.69,35328.83,264.94,177.03,115.9
9-Jul-15,92.21,35147.13,263.48,176.02,115.57
10-Jul-15,90.63,35112.29,263.53,176.7,115.49
13-Jul-15,94.35,35496.62,264.05,176.92,118.77
14-Jul-15,94.54,35446.89,262.58,168.56,119.8
15-Jul-15,93.99,35699.75,264.68,169.55,122.05
16-Jul-15,93.44,35887.66,266.81,165.92,121.15
22-Jul-15,92.21,36056.68,275.63,162.7,120.87
23-Jul-15,90.71,35934.99,277.48,161.65,119.03
24-Jul-15,91.17,35815.2,276.07,160.72,119.04
27-Jul-15,89.15,35175.49,275.08,157.14,116.91
28-Jul-15,90.6,35274.66,274.08,156.34,114.96
29-Jul-15,90.51,35676.49,276.86,162,116.33
30-Jul-15,89.1,35730.01,273.43,164.85,115.84
31-Jul-15,88.53,35741.52,277.2,162.94,114.48
3-Aug-15,88.83,35824.56,279.26,162.46,114.92
4-Aug-15,92.05,35921.71,277.12,161.39,117.34
5-Aug-15,91.78,36156.83,281.67,163.43,118.14
6-Aug-15,91.26,36228.88,279.88,162.43,118.89
7-Aug-15,92.03,36222.63,279.94,162.04,121.45
10-Aug-15,93.41,36084.67,276.02,160.32,119.97
11-Aug-15,93.88,36205.94,277.54,160.64,119.95
12-Aug-15,92.57,35892.77,274.86,157.53,117.31
13-Aug-15,90.93,35937.33,276.01,156.98,116.12
17-Aug-15,89.84,35588.05,272.66,151.26,114.99
18-Aug-15,89.03,35546.03,272.88,148,115.44
19-Aug-15,89.11,35461.58,265.96,149.13,114.13
20-Aug-15,88.58,35219.59,269.7,145.78,113.94
21-Aug-15,87.08,34519.77,267.41,142.33,110.03
24-Aug-15,82.73,33100.34,254.04,135.22,104.58
25-Aug-15,86.31,33798.8,255.53,128.96,109.49
26-Aug-15,85.88,33537.42,254.26,127.84,107.33
27-Aug-15,89.04,33961.29,255.11,130.89,109.75
28-Aug-15,90.13,34447.47,255.77,137.01,109.9
31-Aug-15,88.66,34726.51,255.25,143.78,110.3
1-Sep-15,87.73,34456.34,245.73,148.09,107.99
2-Sep-15,89.17,34309.76,246.31,144.74,108.67
3-Sep-15,88.6,34397.33,250.96,144.93,108.24
4-Sep-15,85.38,33891.08,245.49,142.49,104.38
7-Sep-15,81.61,32944.48,240.63,136.92,100.25
8-Sep-15,85.55,33474.17,243.75,138.87,101.72
9-Sep-15,85.97,33830.36,253.89,143.18,102.68
10-Sep-15,86.26,33792.37,254.11,142.48,101.64
11-Sep-15,85.03,33672.72,254.46,142.11,102.62
14-Sep-15,83.96,33384.73,253.08,141.35,101.83
15-Sep-15,84.02,33191.46,243.32,139.6,100.94
16-Sep-15,85.53,33345.56,243.88,141.08,101.61
17-Sep-15,85.66,33152.06,237.01,139.39,101.06
18-Sep-15,83.59,32760.95,236.87,133.6,99.35
21-Sep-15,84.69,32826.24,236.16,131.25,100.1
22-Sep-15,88.91,32882.02,237.76,128.69,101.11
23-Sep-15,88.06,32822.84,237.82,128.04,99.93
28-Sep-15,87.12,32690.02,237.11,127.24,99.89
29-Sep-15,86.01,32214.58,233.13,122.84,99.28
30-Sep-15,86.22,32287.41,229.45,124.67,99.29
1-Oct-15,87.78,32750.31,230.16,128.97,100.24
2-Oct-15,89.56,32969.73,234.01,128.81,99.88
5-Oct-15,87.01,32784.94,229.03,126.37,97.92
6-Oct-15,87.13,33202.87,228.56,130.67,98.24
7-Oct-15,87.01,33376.2,226.2,134.49,98.49
8-Oct-15,88.37,33469.15,228.93,132.25,98.73
9-Oct-15,89.84,33843.18,229.9,137.8,103.28
12-Oct-15,90,34183.85,237.86,141.85,103.64
13-Oct-15,88.98,34031.78,242,137.99,100.07
14-Oct-15,87.22,33974.85,240.41,137.92,100.42
15-Oct-15,87.55,33921.96,239.43,135.21,102.14
16-Oct-15,87.19,33954.98,241.63,138.62,101.6
19-Oct-15,86.5,33966.75,242,137.94,103.65
20-Oct-15,86.02,33910.17,243.5,138.48,103.39
21-Oct-15,85.93,33943.74,244.42,137.38,103.15
22-Oct-15,85.92,33945.32,243.35,137.25,103.07
26-Oct-15,84.79,33860.64,243.38,136.44,101.61
27-Oct-15,85.8,33843.83,240.99,134.88,100.97
28-Oct-15,86.97,34061.42,241.51,134.12,102.04
29-Oct-15,86.7,34332.43,241.34,138.43,103.69
30-Oct-15,86.42,34261.6,244.87,137.95,102.93
2-Nov-15,86.36,34226.12,244.66,136.18,101.88
3-Nov-15,86.03,34275.75,244.52,136.97,102.08
4-Nov-15,88.23,34522.95,245.85,138.22,101.46
5-Nov-15,87.67,34454.59,242.34,138.69,100.66
6-Nov-15,87.54,34426.75,244.34,138.73,101.19
9-Nov-15,88.17,34336.47,243.8,138.27,100.22
10-Nov-15,87.53,33958.12,232.58,135.32,101.5
11-Nov-15,87.42,33934.04,238.03,135.33,100.74
12-Nov-15,87.48,34264.56,236.83,135.2,102.39
13-Nov-15,87.5,34144.78,237.87,133.43,102.7
16-Nov-15,87.37,33946.41,230.9,131.68,101.75
17-Nov-15,87.36,34065.87,231.74,132.01,102.39
18-Nov-15,86.24,33949.26,230.8,130.48,104.06
19-Nov-15,86.18,33908.44,229.82,128.37,103.66
20-Nov-15,86.08,33857,229.59,127.46,103.56
23-Nov-15,86,33732.91,229.47,126.1,100.01
24-Nov-15,84.96,33571.59,225.82,125.62,98.95
25-Nov-15,83.98,33199.86,220.62,124.88,98.21
26-Nov-15,84,33079.37,214.49,123.91,97.64
27-Nov-15,81.88,32960.27,214.89,125.2,97.39
30-Nov-15,80.9,32255.2,205.34,120.82,96.84
1-Dec-15,80.3,31709.36,205.46,119.21,93.73
2-Dec-15,82.18,32392.92,215.12,121,98.13
3-Dec-15,81.97,32565.14,210.36,119.29,96.91
4-Dec-15,82.04,32707.91,213.35,119.37,98.17
7-Dec-15,83.75,32853.54,211.93,116.21,96.6
8-Dec-15,84.05,32791.71,212.21,114.56,97.19
9-Dec-15,85.02,33020.26,215.12,115.78,97.49
10-Dec-15,85.91,33211.92,220.6,115.16,96.44
11-Dec-15,85.19,33048.51,218.84,114.66,95.41
14-Dec-15,86.21,32757.82,215.02,111.39,94.19
15-Dec-15,86.05,32467.04,210.65,111.8,94.04
16-Dec-15,86.8,32714.6,216.72,113.48,95.78
17-Dec-15,86.9,33109.54,218.86,117.67,96.95
18-Dec-15,87.57,32777.04,217.79,116.46,96.86
21-Dec-15,87.56,32658.97,218.79,115.14,94.65
22-Dec-15,88.03,32641.09,217.96,115.81,94.23
23-Dec-15,88.77,32500.75,217.71,115.98,92.97
28-Dec-15,89.51,32674.04,217.95,116.43,94.91
29-Dec-15,89.26,32811.89,216.11,117.25,94.15
30-Dec-15,89.89,32825.03,215.71,117.98,93.55
31-Dec-15,90.18,32816.31,216.85,117.34,94.87
1-Jan-16,92.93,33228.95,217.37,117.86,99.61
4-Jan-16,92.05,33009.13,216.91,115.73,99.43
5-Jan-16,92.42,32983.47,216.85,115.14,101.79
6-Jan-16,92.17,32968.26,214.56,114.05,100.75
7-Jan-16,91.47,32682.5,214.37,109.67,99.9
8-Jan-16,91.38,32534.85,211.06,108.73,98.81
11-Jan-16,92.41,32320.05,206.9,106.15,96.87
12-Jan-16,97.03,32265.65,206.77,105.24,95.11
13-Jan-16,99.6,32154.17,204.86,104.14,94.48
14-Jan-16,96.37,31441.02,204.06,100.59,92.99
15-Jan-16,94,31001.49,200.44,98.41,93.91
18-Jan-16,94.66,30628.4,195.55,95.58,94.48
19-Jan-16,95.88,31092.61,194.05,98.81,96.24
20-Jan-16,95.85,30766.01,193.78,98.5,96.1
21-Jan-16,95.25,30751.8,191.36,98.6,94.74
22-Jan-16,95.04,30949.02,190.2,103.53,97.98
25-Jan-16,95,31065.13,194.72,105.76,98.44
26-Jan-16,95.64,31074.38,192.25,104.52,97.97
27-Jan-16,95.67,31101.38,193.37,105.25,97.1
28-Jan-16,96.68,31193.73,191.94,109.25,96.47
29-Jan-16,97.85,31298.6,192.69,109.23,96.69
1-Feb-16,97.48,31878.15,202.22,109.42,97.21
2-Feb-16,97.86,31960.61,204.32,106.37,97.23
3-Feb-16,97.63,32084.06,203.07,107.47,95.52
4-Feb-16,97.56,32478.98,203.79,110.49,96.56
8-Feb-16,97.5,32706.22,208.65,108.42,96.6
9-Feb-16,96.6,32444.2,206.22,107.97,95.64
10-Feb-16,95.89,32144.59,201.42,104.95,95.88
11-Feb-16,95.59,31820.54,201.25,102.55,93.3
12-Feb-16,91.62,31464.16,194.15,101.96,91.97
15-Feb-16,94.02,31928.15,196.12,104.89,93.51
16-Feb-16,93.77,31673.16,193.63,104.11,92.06
17-Feb-16,92.95,31469.7,191.41,102.34,92.48
18-Feb-16,91.46,31282.44,192.7,102.65,90.14
19-Feb-16,91.09,31011.77,191.84,100.2,88.99
22-Feb-16,91.45,30677.68,193.73,99.73,87.47
23-Feb-16,90.7,30564.5,194.26,103.2,86.83
24-Feb-16,90.28,30786.6,194.07,103.45,87.82
25-Feb-16,90.5,30802.53,194.94,104.15,87.55
26-Feb-16,90.62,31294.08,197.43,107.42,91.15
29-Feb-16,90.78,31369.51,195.88,107.05,93.1
1-Mar-16,91,31509.11,195.49,110.02,92.92
2-Mar-16,93.81,31772.9,197.14,109.32,94.28
3-Mar-16,92.47,32146.58,200.9,110.3,94.46
4-Mar-16,92.55,32441.74,200.71,112.83,94.84
7-Mar-16,93.41,33022.6,205.67,116.6,96.3
8-Mar-16,91.98,33032.85,205.76,117.21,95.96
9-Mar-16,96.57,32957.98,208,116.76,96.95
10-Mar-16,99.26,32710.56,208,116.98,95.93
11-Mar-16,97.9,32669.16,206.76,116.82,94.94
14-Mar-16,96.17,32738.56,206.67,114.46,95.97
15-Mar-16,100.45,32623.02,206.74,111.31,95.82
16-Mar-16,104.03,32891.08,208.61,113.61,97.36
17-Mar-16,102.78,32957.75,207.38,116.15,97.44
18-Mar-16,103.88,33080.4,206.63,119.12,97.01
21-Mar-16,104.36,33022.87,206.65,118.43,97.6
22-Mar-16,103.31,32928.3,210.07,118.42,96.51
24-Mar-16,105.38,32801.88,208.08,116.05,95.42
25-Mar-16,106.08,32876.55,208.06,116.05,96.1
28-Mar-16,105.36,32904.32,207,116.01,95.79
29-Mar-16,106.35,32879.67,204.98,114.96,95.61
30-Mar-16,106.67,32922.4,202.93,115.29,95.63
31-Mar-16,107.91,33139,206.03,114.44,95.81
1-Apr-16,112.62,33449.62,207.19,114.62,95.76
4-Apr-16,113.85,33808.42,206.79,115.37,96.79
5-Apr-16,111.79,33766.49,206.3,113.78,98.57
6-Apr-16,113,33946.37,205.85,115.73,99.61
7-Apr-16,113.3,33896.03,204.52,116.41,99.95
8-Apr-16,116.64,33967.54,205.21,116.71,99.96
11-Apr-16,112.5,33566.22,202.12,116.84,96.27
12-Apr-16,113.17,33616.9,203.32,117.67,97.09
13-Apr-16,113,33646.1,203.84,118.22,98.2
14-Apr-16,113.44,33767.59,204.04,117.93,99.47
15-Apr-16,113.15,33767.12,203.17,116.87,98.59
18-Apr-16,112.93,33759.97,202.88,115.43,98.81
19-Apr-16,111.3,33729.62,202.06,116.57,98.25
20-Apr-16,108.21,33619.84,201.4,116.71,97.19
21-Apr-16,107.78,33572.13,198.71,118.75,96.92
22-Apr-16,107.93,33739.54,200.17,119.34,96.53
25-Apr-16,110.59,33684.56,199.06,119.52,96.56
26-Apr-16,113.38,33847.74,199.52,120.94,98.53
27-Apr-16,113.91,34269.28,200.19,126.81,103.45
28-Apr-16,113.83,34503.64,201.75,130.07,106.15
29-Apr-16,111.62,34719.29,211.53,131.34,107.2
2-May-16,110.86,34567.52,208.44,128.86,105.97
3-May-16,110.96,34897.3,213.59,134.67,107.05
4-May-16,112.78,35317.56,216.56,135.11,110.12
5-May-16,115.73,35941.47,223.19,141.8,112.25
6-May-16,113.89,35973.68,228.26,139.82,115.38
9-May-16,113.06,36234.99,232.17,142.3,113.88
10-May-16,115.68,36265.12,231.31,141.41,113.72
11-May-16,114.45,36266.23,232.99,141.06,112.25
12-May-16,113.72,36048.76,229.44,143.26,111.71
13-May-16,114.25,36122.49,229.21,142.56,111.16
16-May-16,114.59,36125.37,227.55,144.64,109.02
17-May-16,113.18,36137.12,228.05,146.83,108.57
18-May-16,111.07,36318.21,231.81,146.93,110.88
19-May-16,112.62,36685.05,243.32,145.11,111.65
20-May-16,111.7,36693.5,240,144.68,111.57
23-May-16,112.98,36723.35,228.09,143.71,113.71
24-May-16,112.24,36582.35,224.15,141.16,114.52
25-May-16,110.38,36499.43,220.32,142.43,113.25
26-May-16,110.1,36540.97,218.33,142.2,113.04
27-May-16,111.95,36694.26,219.79,142.61,113.1
30-May-16,112.02,36234.69,212.24,140.03,114.05
31-May-16,112.45,36061.56,205.63,139.44,113.74
1-Jun-16,113.02,36496.16,213.63,140.2,114.61
2-Jun-16,114.37,36839.14,216.79,141.84,117.15
3-Jun-16,115.58,37223,216.37,143.4,120.82
6-Jun-16,116.12,37352.27,218.56,141.89,121.53
7-Jun-16,116.48,37392.29,218.8,143.22,119.33
8-Jun-16,116.44,37426.39,215.56,144.38,117.37
9-Jun-16,115.62,37414.26,216.11,144.77,116.28
10-Jun-16,114.1,36940.88,213.2,141.57,113.71
13-Jun-16,113.58,36979.96,216.96,139.88,114.8
14-Jun-16,114.65,37517.75,221.65,142.4,116.19
15-Jun-16,118,38559.87,232.24,147.26,121.92
16-Jun-16,121.76,38751.6,243.72,144.64,121.13
17-Jun-16,125.22,38776.94,244.82,142.97,119.36
20-Jun-16,123.31,38469.82,232.86,143.78,118.08
21-Jun-16,121.92,38415.31,228.5,143.46,119.06
22-Jun-16,122.2,38149.26,223.37,142.01,116.69
23-Jun-16,122.53,38237.89,229.67,141.94,116.16
24-Jun-16,119.38,37389.88,220.6,135.81,110.36
27-Jun-16,117.96,37039.57,214.41,133.38,105.09
28-Jun-16,117.38,37076.63,215.13,136.68,104.81
29-Jun-16,120.45,37786.57,220.66,139.75,107.24
30-Jun-16,119.57,37783.54,220.02,138.07,107.9
4-Jul-16,120.17,37966.76,222.74,139.94,110.65
11-Jul-16,122.76,38367.96,221.87,141.06,110.82
12-Jul-16,125.72,39031.62,226.73,144.87,116.25
13-Jul-16,125.29,39049.46,228.77,145.47,116.74
14-Jul-16,127.35,39257,230.28,145.42,117.5
15-Jul-16,129.16,39188.47,225.19,145.52,116.95
18-Jul-16,130.41,39253.25,225,144.96,115.99
19-Jul-16,129.27,39208.88,224.6,146,114.99
20-Jul-16,128.91,39098.79,222.31,145.12,115.36
21-Jul-16,128.8,39306.79,222.26,145.01,115.01
22-Jul-16,128.67,39151.78,221.98,143.1,115
25-Jul-16,128,39017.32,222.5,140.47,115.51
26-Jul-16,128.78,39147.33,217.37,139.16,115.77
27-Jul-16,129,39434.97,218.27,139.69,115.83
28-Jul-16,129.99,39468.98,220.62,138.2,118.85
29-Jul-16,130.83,39505.28,221.01,136.52,120.88
1-Aug-16,132.1,39800.64,225.03,136.75,121.5
2-Aug-16,131.27,39786.93,224.83,136.63,122.18
3-Aug-16,132.67,39615.76,224.22,134.25,120.89
4-Aug-16,128.94,39446.7,222.9,134.89,120.59
5-Aug-16,128,39390.21,221.81,135.44,121.58
8-Aug-16,127.73,39476.17,216.03,136.65,121.43
9-Aug-16,127.4,39663.71,212.48,138.49,121.07
10-Aug-16,127.79,39805.88,213,138.97,121.63
11-Aug-16,127.08,39861.6,212.84,137.95,121.04
12-Aug-16,127.3,39907.64,215.04,139.49,121.02
15-Aug-16,128.23,40030.52,213.59,141.36,121.58
16-Aug-16,127.83,40050.17,213.56,141.92,121.47
17-Aug-16,125.95,40057.52,208.83,141.37,123.17
18-Aug-16,125.07,39771.2,207,142.02,123.38
19-Aug-16,122.87,39499.08,208.46,141.88,123.4
22-Aug-16,123.3,39457.95,210.03,140.7,123
23-Aug-16,122.78,39400.19,213.1,140.16,123.27
24-Aug-16,121.97,39506.58,213.42,141.82,124.1
25-Aug-16,126.55,39792.1,214.35,142.37,126.93
26-Aug-16,126.72,39926.7,213.69,142.18,126.42
29-Aug-16,126.53,40023.02,213.35,141.59,126.41
30-Aug-16,126.02,39991.79,211.23,141.74,126.5
31-Aug-16,124.14,39809.58,209.72,140.16,125.52
1-Sep-16,122.93,39738.67,209.14,139.98,123.54
2-Sep-16,119.91,39464.65,209.57,137.49,122.27
5-Sep-16,118.31,39278.11,210.21,139.79,122.5
6-Sep-16,120.93,39688.97,213.96,140.02,124.03
7-Sep-16,125.76,40084.87,218.89,141.81,126.29
8-Sep-16,127.25,40136.93,215.64,142.5,127.92
9-Sep-16,128.86,40340.23,214.56,143.37,132.36
15-Sep-16,128.26,40216.35,214.77,140.01,131.08
16-Sep-16,129.03,40363.68,212.96,138.88,131.02
19-Sep-16,129.8,40414.72,213.12,138.45,130.46
20-Sep-16,128.24,40340.46,210.28,138.36,129.49
21-Sep-16,127.03,39771.42,206.99,137.54,129.67
22-Sep-16,127.94,40135.31,207.99,139.85,132.94
23-Sep-16,127.89,39781.95,210.24,139.42,128.31
26-Sep-16,129.15,40220.76,211.55,139.44,134.72
27-Sep-16,130.03,40294.38,216.33,139.41,135.18
28-Sep-16,130.41,40355.02,214.6,138.71,136.32
29-Sep-16,128.78,40295.52,216.87,141.54,135.2
30-Sep-16,128.66,40541.81,220.8,141.23,140.9
3-Oct-16,130.88,40986.31,224.79,141.89,139.57
4-Oct-16,134.55,41123.97,227.86,141.93,140.29
5-Oct-16,134.14,41253.46,229.8,142.04,140.07
6-Oct-16,138.49,41252.17,226.74,141.9,138.1
7-Oct-16,140.76,41200.48,223.65,142.62,136.92
10-Oct-16,145.03,41403.97,224.68,142.6,142.21
13-Oct-16,143.99,41412.04,222.76,142.88,139.17
14-Oct-16,141.02,41464.31,225.89,145.14,140.03
17-Oct-16,136.94,41282.72,223.46,142.99,140.01
18-Oct-16,132.15,40954.22,220.98,141.96,140.98
19-Oct-16,131.79,40924.14,218.67,143,142.09
20-Oct-16,133.97,41545.95,222.4,146.23,146.49
21-Oct-16,132.13,41291.43,220.33,146.25,144.86
24-Oct-16,130.71,40852.03,217.03,145.05,141.2
25-Oct-16,132,40764.76,216.51,145.1,140.06
26-Oct-16,130.97,40526.81,214.96,142.48,138.1
27-Oct-16,127.52,39987.31,215.97,140.66,136.41
28-Oct-16,127.68,39872.88,215.52,140.28,136.98
31-Oct-16,126.09,39893.84,213.43,140.62,138.15
1-Nov-16,132.39,41299.87,218.78,143.12,145.05
2-Nov-16,139,41742.75,220.39,142.84,151.12
3-Nov-16,143.35,41974.46,222.87,142.87,147.47
4-Nov-16,142.63,41841.56,221.55,142.62,146.86
7-Nov-16,143.85,42133.54,224.93,142.93,148.75
8-Nov-16,148.12,42113.91,224.26,142.06,148.12
9-Nov-16,147.95,42203.63,224.01,140.05,145.73
10-Nov-16,148.42,42703.99,227.49,140.82,148.49
11-Nov-16,150.07,42849.12,226.78,140.52,148.46
14-Nov-16,149.56,42525.93,226.83,139.99,146.96
15-Nov-16,148.13,42292.67,225.35,140.05,147.38
16-Nov-16,149.67,42404.47,226.94,140.64,147.87
17-Nov-16,151.77,42411.8,226.02,140.74,145.17
18-Nov-16,154.06,42324.94,227.19,139.96,144.59
21-Nov-16,153.35,42439.04,226.48,141.34,147.43
22-Nov-16,153.79,42631.58,227.44,143.79,148.78
23-Nov-16,154.06,42901.02,227.13,145,151.48
24-Nov-16,158.16,42949.73,226.06,145.75,153.18
25-Nov-16,161.16,42999.66,225.77,145.53,156.7
28-Nov-16,161.08,43060.71,225.52,143.84,157.87
29-Nov-16,161,42811.27,218.85,142.02,150.13
30-Nov-16,159.86,42622.37,221.09,141.04,143.28
1-Dec-16,161.19,42907.36,214.72,146.77,147.84
2-Dec-16,162.24,43270.9,218.69,147.09,147.42
5-Dec-16,164.71,43739.97,220.75,154.34,148.4
6-Dec-16,172.78,44199.4,224.19,156.29,147.14
7-Dec-16,169.02,44494.99,229.24,153.74,147.25
8-Dec-16,164.35,44741.98,229.05,153.05,145.59
9-Dec-16,168.12,45387.23,232.83,156.38,148.2
13-Dec-16,165.17,45857.89,231.78,162.85,148.5
14-Dec-16,170.15,46185.27,233.61,164.42,148.4
15-Dec-16,171.22,46358.35,237.92,166.05,155.82
16-Dec-16,173.47,46584.53,236,166.53,151.01
19-Dec-16,172.27,46938.59,234.58,165.78,149.78
20-Dec-16,172.23,47210.06,240.42,163.77,152.3
21-Dec-16,173.18,46993.31,240.21,164.28,152.42
22-Dec-16,170.15,46699.78,237.43,161.88,151.07
23-Dec-16,171.01,46633.99,233.46,162.32,151.3
26-Dec-16,170.11,46689.73,233.44,163.48,150.95
27-Dec-16,171.59,46920.47,232.89,164.02,150.55
28-Dec-16,173.26,47424.63,238.32,165.08,151.17
29-Dec-16,174.88,47666.66,236.77,164.88,154.24
30-Dec-16,174.04,47806.97,237.82,165.35,152.27
2-Jan-17,171.8,48240.28,242.25,166.15,150.53
3-Jan-17,180.34,48827.55,244.74,170.74,156.56
4-Jan-17,176.29,48704.99,240.33,168.96,152.81
5-Jan-17,174.71,48713.63,237.96,169.27,153.49
6-Jan-17,175.83,49038.23,238.03,170.19,161.05
9-Jan-17,175.48,49039.41,240.46,168.16,159.94
10-Jan-17,176.21,48865.79,245.91,167.94,162.23
11-Jan-17,177.97,49371.6,254.73,167.9,161.56
12-Jan-17,180.02,49517.02,255.01,168.68,158.76
13-Jan-17,178.56,49210.5,250.35,168.32,155.9
16-Jan-17,176.42,48888.54,245.2,167.6,154.04
17-Jan-17,178.1,48678.65,243.72,165.85,150.51
18-Jan-17,175.65,48642.21,242.46,157.81,154.01
19-Jan-17,184.43,49013.82,243.34,153.44,161.71
20-Jan-17,192.22,49364.83,243.52,155.3,168.87
23-Jan-17,192.59,49876.18,243.34,156.98,174.33
24-Jan-17,186.14,49968.92,244.27,157.24,167.9
25-Jan-17,184.69,49756.77,242.19,157.47,165.39
26-Jan-17,183.18,50192.36,248.77,157.89,172.22
27-Jan-17,186.38,49963.77,249.55,155.26,168.38
30-Jan-17,180.45,48972.24,245.42,157.66,162.23
31-Jan-17,181.12,48757.67,242.01,160.62,159.88
1-Feb-17,184.52,49455.86,240.78,158.92,164.43
2-Feb-17,183.28,49665.97,239.59,160.68,166.23
3-Feb-17,180.7,49555.83,237.99,159.34,169.52
6-Feb-17,183.26,49630.04,237.99,159.46,168.1
7-Feb-17,180.53,49859.39,237.93,158.19,172.74
8-Feb-17,181.14,49874.96,230.98,157.51,181.37
9-Feb-17,185.63,49908.15,227.01,156.53,185.58
10-Feb-17,183.56,49925.08,226.02,156.76,182.25
13-Feb-17,182.55,49965.63,226.59,158.56,182.76
14-Feb-17,180.58,49767.91,226.01,157.45,185.63
15-Feb-17,179.32,49214.15,223.45,156.03,182.39
16-Feb-17,178.86,49588.3,225.9,158.51,182.5
17-Feb-17,178.52,49375.71,227.31,156.55,179.86
20-Feb-17,178.28,48929.12,227.6,156.3,171.95
21-Feb-17,178.34,49015.09,228.79,158.49,170.51
22-Feb-17,178.27,48981.65,232,158.38,168.35
23-Feb-17,176.99,49062.26,234.17,158.92,167.89
24-Feb-17,179.92,49007.99,231.01,157.53,171.4
27-Feb-17,180.05,48520.75,229.02,157.5,167.74
28-Feb-17,180,48534.23,227.2,157.47,170.59
1-Mar-17,186.95,48992.16,227.39,157.91,171.46
2-Mar-17,188.27,49696.08,230.99,159.44,174.83
3-Mar-17,187.62,49623.81,231.94,158.76,179.79
6-Mar-17,184.73,49434.89,234.09,159.13,174.65
7-Mar-17,181.04,49452.71,236.87,158.76,174.27
8-Mar-17,183.53,49754.72,238.71,158.95,173.26
9-Mar-17,184.06,49392.44,238.78,155.26,171.68
10-Mar-17,184,49191.75,238.11,151.91,172.82
13-Mar-17,184,48655.72,235.79,147.98,170.35
14-Mar-17,186.9,48539.06,235.84,148.39,172.34
15-Mar-17,189.81,48305.83,234.56,148.77,171.19
16-Mar-17,190.46,48289.66,232.3,149.75,171.47
17-Mar-17,190.01,48409.35,226.35,144.64,172.12
20-Mar-17,190.89,48697.65,228.49,145.29,173.68
21-Mar-17,192.86,49020.21,233.83,146.01,175.81
22-Mar-17,191.73,49016.79,233.35,146.8,175.92
24-Mar-17,190.16,48971.05,229.98,147.15,174.8
27-Mar-17,190.07,48680.16,228.99,147.44,171.81
28-Mar-17,190,48523.41,228.65,146.19,168.54
29-Mar-17,190.01,48375.63,224.97,146.51,166.39
30-Mar-17,190.12,47949.33,223.12,147.98,163.88
31-Mar-17,191.21,48155.93,227.4,148.31,165.2
3-Apr-17,189.38,48227.75,228.49,149.92,165.08
4-Apr-17,187.41,48088.37,227.24,150.06,164
5-Apr-17,185.02,47577.31,223.78,150.5,160.91
6-Apr-17,185.71,47356.6,222.43,150.95,160.17
7-Apr-17,185.64,47889.37,220.3,152.23,161.99
10-Apr-17,187.99,47942.95,221.2,154.58,161.43
11-Apr-17,190.72,48250.07,220.57,155.54,160.74
12-Apr-17,190.55,48457.26,220.93,156.83,161.65
13-Apr-17,190,47950.58,219.3,153.35,158.13
14-Apr-17,190.52,47577.06,218.19,149.64,152.58
17-Apr-17,192.89,47125.12,216.97,148.6,151.47
18-Apr-17,191.68,46874.37,213.98,149.62,151.66
19-Apr-17,193.12,47603.48,212.5,154.69,156.45
20-Apr-17,202.33,48743.56,215.09,155.86,163.84
21-Apr-17,211.4,49708.65,212.72,156.82,166.73
24-Apr-17,212,50111.67,220.92,160.69,163.26
25-Apr-17,207.42,49785.17,217.63,159.3,162.47
26-Apr-17,199.93,49827.51,217.42,159.4,163.21
27-Apr-17,198.5,49481.7,217.75,158.32,161.04
28-Apr-17,200.01,49300.9,217.38,154.38,157.29
2-May-17,197.86,48689.42,213.26,152.75,151.03
3-May-17,198.21,48605.14,215.07,153.93,150.88
4-May-17,198.9,49283.64,220.62,154.46,158.08
5-May-17,199.29,49851.13,229.55,154.96,160.67
8-May-17,199.74,50935.91,241.02,161.54,167.24
9-May-17,199.34,51073.14,246.52,160.42,169.03
10-May-17,199,51103.53,249.16,159.55,166.88
11-May-17,200.22,51426.01,249.1,163.38,168.27
12-May-17,198.59,51750.91,254,165.7,172.19
15-May-17,198.92,52387.87,262.1,173.7,173.84
16-May-17,197.69,51813.19,254.18,170.28,170.08
17-May-17,195,51511.41,245.36,170.25,170.12
18-May-17,194.06,50956.6,236.02,168.82,167.17
19-May-17,187.01,50742.03,235.88,168.04,167.4
22-May-17,189.48,51373.51,237.99,173.55,169.28
23-May-17,192.56,52146.97,247.56,182.22,171.52
24-May-17,193.09,52876.46,252.7,188.71,175.03
25-May-17,189.33,52869.01,247.08,186.53,175.82
26-May-17,188.88,52636.87,242.56,183.77,177.74
29-May-17,185.68,52138.9,239.75,185.17,172.12
30-May-17,187,51453.16,231.47,184.88,168.61
31-May-17,184.91,50591.57,220.3,176.83,172.22
1-Jun-17,179.86,48780.81,211.01,168.54,164.58
2-Jun-17,184.01,48555.3,210.79,162.9,165.37
5-Jun-17,186.94,50120.93,216.27,163.39,172.57
6-Jun-17,186,50144.63,215.91,161.05,170.4
7-Jun-17,185.04,50162.81,216.86,163.3,170
8-Jun-17,183.1,49958.33,217.93,161.62,166.37
9-Jun-17,183.19,49526.92,215.2,159.95,160.29
12-Jun-17,175,47671.8,208.39,151.96,152.34
13-Jun-17,175,48071.04,210.2,151.85,153.48
14-Jun-17,175,47608.64,207.37,148.27,147.62
15-Jun-17,174,47442.73,207.5,145.96,149.74
16-Jun-17,174.5,46858.56,208.02,140.78,146.17
19-Jun-17,174.88,46593.34,211.56,143.08,150.88
20-Jun-17,166.16,44914.44,201.02,136.29,143.39
21-Jun-17,166.14,45474.46,205.54,137.54,150.29
22-Jun-17,173.36,46332.31,209.6,139.81,157.8
29-Jun-17,177.21,46711.85,213.5,145.14,159.65
30-Jun-17,180,46565.29,210.43,140.69,158.68
3-Jul-17,169.85,44665.41,199.91,133.69,150.75
4-Jul-17,173,45394.06,201.08,138.13,157.01
5-Jul-17,170.5,45413.42,205.03,141.47,162.8
6-Jul-17,169,44823.11,202.78,140.25,156.62
7-Jul-17,171.9,45222.15,205.04,142.49,157.04
10-Jul-17,175,46273.81,212.08,143.97,164.29
11-Jul-17,165.81,44120.58,201.63,136.82,156.08
12-Jul-17,157.52,43792.19,200.18,142.26,151.01
13-Jul-17,151,43783.55,202.64,140.92,153.95
14-Jul-17,154.01,44337.44,204.46,141.91,156.44
17-Jul-17,152.91,44523.21,204.91,143.9,154.78
18-Jul-17,160.55,45636.36,209.68,148.81,159.6
19-Jul-17,158.71,45418.7,209.2,146.91,158
20-Jul-17,160,45059.93,210.46,149.19,155.09
21-Jul-17,161,45294.39,211.48,149.64,159.6
24-Jul-17,162.47,45529.2,214.09,150.13,162
25-Jul-17,160,45917.9,214.55,151.62,162.25
26-Jul-17,160,45908.39,214.95,152.11,159.5
27-Jul-17,158.5,45905.76,215.19,153.07,159.7
28-Jul-17,159,45912.03,207.45,153.5,162.5
31-Jul-17,158.55,46010.45,206.58,156.41,165.35
1-Aug-17,161.5,46533.43,208.53,159.51,167
2-Aug-17,159.1,46949.04,211.86,158.6,165.36
3-Aug-17,164.5,47084.34,216.11,159.62,164.49
4-Aug-17,170,46877.37,213.18,158.11,162.4
7-Aug-17,168,46465.66,211.62,156.37,159.3
8-Aug-17,168,45979.7,211.66,155.05,158.5
9-Aug-17,168.6,45998.81,213.89,153.44,159.75
10-Aug-17,169,45634.02,212.96,152.81,160.5
11-Aug-17,162.25,45288.49,211.35,150.97,158.01
15-Aug-17,154.75,43899.45,203.86,145.1,151.75
16-Aug-17,158,44186.96,205.82,147.4,153
17-Aug-17,149.33,43136.06,200.49,141.75,145
18-Aug-17,145,43078.38,200.16,146.31,145.19
21-Aug-17,137.89,42153.38,197.91,145.81,137.94
22-Aug-17,138.05,41983.16,195.69,145.3,138
23-Aug-17,143.91,42910.79,198.73,146.5,141.68
24-Aug-17,136.72,42268.62,198.29,145.6,146.26
25-Aug-17,140,42641.75,198.54,146.73,151.74
28-Aug-17,132.6,41974.22,196.03,146.4,147.2
29-Aug-17,134,41233.08,191.06,144.5,142.51
30-Aug-17,140,41323.65,190.43,144.5,144.98
31-Aug-17,142,41206.99,193.46,141.1,142.87
5-Sep-17,139.9,41779.2,196.2,147.68,144.65
6-Sep-17,139,41389.99,199.51,145.1,142
7-Sep-17,131.62,40958.65,196.28,146,139.5
8-Sep-17,135,41401.02,195.86,148.48,137.9
11-Sep-17,133,41126.83,195.96,145.5,140.21
12-Sep-17,129,41279.3,200.73,146.85,140.3
13-Sep-17,131,42310.12,204,154.19,143.5
14-Sep-17,132,42683.57,209.5,154.01,148.55
15-Sep-17,127.89,42787.19,203.93,152.32,148.03
18-Sep-17,128.99,42841.41,212.39,151.58,147.01
19-Sep-17,130,43253.26,213.55,151.75,149.12
20-Sep-17,131.1,43347.03,217.58,151.06,153.83
21-Sep-17,129.05,42775.04,211.05,149.81,148.9
22-Sep-17,126,42750.19,212.95,149.57,148
25-Sep-17,123,42743.65,210.98,150.49,147.1
26-Sep-17,121.5,42666.23,211.22,151.22,147
27-Sep-17,123.5,42290.15,211.01,150,144.4
28-Sep-17,120,42362.87,209.9,150.33,145.5
29-Sep-17,119.5,42409.27,209,148.3,144.6
2-Oct-17,116.45,42018.9,203.6,147.99,147.16
3-Oct-17,112.01,41115.78,202.02,144.5,141.2
4-Oct-17,106.59,40461,200,142.11,138
5-Oct-17,104,40468.49,201.78,142.63,141.35
6-Oct-17,109.47,41312.59,206.27,146,146.13
9-Oct-17,112.5,41099.99,206.59,145.99,142.29
10-Oct-17,110.5,40610.72,205.08,143.25,142.46
11-Oct-17,109,40503.68,209.39,144.99,142.27
12-Oct-17,108.9,40237.53,206.2,144,140.01
13-Oct-17,101,39846.78,205.23,145,139
16-Oct-17,104.65,40791.39,209.26,147.91,142
17-Oct-17,108.5,40724.96,208.63,148,140
18-Oct-17,109.55,40733.45,211.73,148.7,140
19-Oct-17,114.25,41558.07,208.99,150.65,139.99
20-Oct-17,117,42087.89,213.24,152.5,143.39
23-Oct-17,111.85,41483.54,208.84,149.1,139.02
24-Oct-17,111.99,41291.68,212.23,149.01,140.65
25-Oct-17,114.9,41595.32,214.1,150.11,140
26-Oct-17,114.5,41409.49,214.25,148.7,136
27-Oct-17,110.5,41105.4,207.74,147,132.5
30-Oct-17,110,40324.32,203.51,146,133.25
31-Oct-17,103.85,39617.19,198.78,143.25,130.95
1-Nov-17,105.8,40453.64,205.99,148.33,135.32
2-Nov-17,100.5,40498.87,205.95,155.61,136.45
3-Nov-17,103.28,41064,211.54,158.26,140.04
6-Nov-17,102,41030.77,213.46,161.92,141.1
7-Nov-17,99,41049.22,209,162.49,141.6
8-Nov-17,92.73,41259.16,211.5,159.37,143.51
9-Nov-17,95.45,41790.16,210.43,161.08,146.2
10-Nov-17,96.36,41435.7,210.95,159.51,145.75
13-Nov-17,94.18,41239.89,212.69,160.69,145
14-Nov-17,93.5,40943.78,207.5,157.02,146.13
15-Nov-17,91.01,40662.79,202.61,153.22,147
16-Nov-17,92.7,40813.31,203.9,153.99,146.42
17-Nov-17,91.1,40844.4,203.49,155.31,145.51
20-Nov-17,88.18,40316.93,202.51,154.01,140.99
21-Nov-17,90.91,40548.83,207,156.79,143.5
22-Nov-17,91.8,40591.87,204.16,157.95,143
23-Nov-17,90.18,40266.21,205.01,157.33,142.5
24-Nov-17,87.5,40248.41,204.8,157.87,140.04
27-Nov-17,87.27,40032.17,203.3,156.45,138.5
28-Nov-17,84.55,39634.13,203.28,152.95,136.76
29-Nov-17,85.09,39672.89,201.5,155.4,139.5
30-Nov-17,85,40010.36,204.31,155.49,142
4-Dec-17,85.45,40049.8,201.5,159,142.13
5-Dec-17,85.91,39945.41,199.2,156.17,142.51
6-Dec-17,85,39907.32,199.99,157,142
7-Dec-17,81.91,38784.66,196.29,154,139.02
8-Dec-17,84.55,39080,199,155.32,142.55
11-Dec-17,81.82,38481.7,195.8,158.45,142
12-Dec-17,84.99,38525.11,197.5,159,143
13-Dec-17,84.55,38819.65,201.2,157.01,146.01
14-Dec-17,81.45,38223.55,198.98,156.1,139.5
15-Dec-17,82.73,38645.9,196.21,156.56,142.13
18-Dec-17,83.18,38383.97,195.18,155.86,141
19-Dec-17,80.45,37919.42,195,155.25,138.26
20-Dec-17,81.82,38208.06,200.32,158.02,139.4
21-Dec-17,83.18,38715.77,202,159,139.78
22-Dec-17,87.16,39428.21,202.45,162.14,146.35
26-Dec-17,91.52,39525.75,200.11,160,145
27-Dec-17,96.09,40146.73,203.5,163.5,149.65
28-Dec-17,100.89,40371.31,210.05,163.5,152.5
29-Dec-17,101.41,40471.48,211,162,148.2
1-Jan-18,98.64,40711.04,209.7,162.31,152
2-Jan-18,103.27,41486.87,216.11,165.5,154.6
3-Jan-18,101.68,41544.27,215.5,168.1,154.02
4-Jan-18,99.45,41908.71,216.16,170.16,155
5-Jan-18,100.81,42523.99,218,170.05,157
8-Jan-18,102.45,43112.12,219.7,170.75,160.94
9-Jan-18,103.86,42814.34,219.51,170.15,166
10-Jan-18,107.26,43630.74,225,171.11,165.5
11-Jan-18,106.06,43395.28,224,169.67,163.94
12-Jan-18,104.09,42933.72,224.95,167,162.5
15-Jan-18,104.54,42347.49,220.2,167.51,161.01
16-Jan-18,104.86,42939.68,225,171.9,162.5
17-Jan-18,106.36,43358.97,226.6,171.31,168.55
18-Jan-18,111.75,43580.88,228.6,171.83,164.83
19-Jan-18,115.79,44178.83,230,168.99,167.65
22-Jan-18,121.57,44897.69,233,171.59,168.55
23-Jan-18,123.31,44907.2,234,173.9,168.1
24-Jan-18,127.93,45063.21,236.01,171.55,170.3
25-Jan-18,126.52,44816.71,236.56,169.47,169.89
26-Jan-18,126.62,44551.13,233.21,170.84,168.75
29-Jan-18,122.93,44457.3,236.34,167.97,165
30-Jan-18,122.55,44233.11,232.26,167.5,167
31-Jan-18,124.95,44049.05,226.35,164.26,170.07
1-Feb-18,124.55,44255.48,224,166,170.19
2-Feb-18,124.72,44301.2,225.95,167.46,170.72
6-Feb-18,124.07,43885.51,223,165.99,169.33
7-Feb-18,124.09,44096.49,224.61,168.87,171
8-Feb-18,117.53,43679.87,220.5,166.75,168.3
9-Feb-18,113.64,43808.8,223.15,166.1,168.71
12-Feb-18,114.55,43515.08,218.1,165.5,166.52
13-Feb-18,115.48,43690.36,218.07,165.88,166.9
14-Feb-18,112.82,43353.04,218.6,164.9,161.5
15-Feb-18,113.28,42942.35,220.25,165.5,158.12
16-Feb-18,116.14,43627.1,223.25,167.35,162
19-Feb-18,116.36,43572.67,221.01,167.22,162
20-Feb-18,115,43294.95,219,166.7,159.8
21-Feb-18,114.55,42919.78,216,163.75,159.5
22-Feb-18,114.55,43528.51,215.82,165.39,161
23-Feb-18,111.82,43267.2,218.5,163.5,161.55
26-Feb-18,112.82,42911.02,217.45,161.51,157.5
27-Feb-18,114.05,42994.96,220.52,161.75,157.01
28-Feb-18,114.65,43239.44,218,163.97,159.55
1-Mar-18,120.49,43510.39,217,163.74,159
2-Mar-18,126.5,43740.49,215.94,164.8,160
5-Mar-18,125.09,43829.07,214.1,165,158.16
6-Mar-18,124.55,43705.1,213.64,165.01,157.62
7-Mar-18,121.82,43441.18,212.7,165,158.7
8-Mar-18,119.9,43072.74,212.6,162.1,156.4
9-Mar-18,118.17,43011.26,208.1,164.09,155.25
12-Mar-18,120.91,43410.93,207.06,164.99,157.47
13-Mar-18,120,43618.07,210,165,159
14-Mar-18,118.64,43407.72,210.04,163.7,156.48
15-Mar-18,116.36,43495.07,210.5,165.25,155.7
16-Mar-18,115.54,43363.21,205.87,165.59,153.12
19-Mar-18,114.54,43539.6,210.99,169.41,153.5
20-Mar-18,117.45,44309.74,219.06,170.89,161.41
21-Mar-18,117.73,44645.95,222.95,172.45,160.25
22-Mar-18,120.45,45030.22,223.63,172.49,162.01
26-Mar-18,118.41,45083.57,224.5,173.5,160.7
27-Mar-18,119.02,45004.19,217.98,171.75,158
28-Mar-18,122.49,45172.99,221.1,171.99,159
29-Mar-18,119.55,45489.62,222.7,174.21,158.31
30-Mar-18,116.64,45560.3,220.13,173.98,159
2-Apr-18,122.46,45741.43,216.2,175.8,158.11
3-Apr-18,122.73,46013.34,215.85,176.4,158.62
4-Apr-18,121.73,46103.61,216,175,161.5
5-Apr-18,120.45,46560.82,219,175.1,162.99
6-Apr-18,122.73,46637.62,220.2,175.5,161.5
9-Apr-18,120.92,46580.62,219.51,175.01,161.41
10-Apr-18,119.55,46476.73,217.76,174.9,160.25
11-Apr-18,118.77,46486.49,217.7,176,162.5
12-Apr-18,117.27,46331.71,217.4,177.3,162
13-Apr-18,116.45,46071.86,215,174.75,160.05
16-Apr-18,116.36,45682.24,215,167.38,158.25
17-Apr-18,115.45,45801.73,214.8,164.9,159.5
18-Apr-18,116.36,45478.63,212,164,158.88
19-Apr-18,114.6,45387.77,212.43,165.25,158.5
20-Apr-18,115.91,45259.34,209.99,164.02,156.59
23-Apr-18,116.24,45371.95,211,164.8,158
24-Apr-18,116.36,45876.7,212.5,167.74,159
25-Apr-18,115.45,45718.34,215,166.6,158.01
26-Apr-18,115,45460.87,211.61,166.86,158.9
27-Apr-18,113.64,45542.78,210.76,167.99,151.17
30-Apr-18,111.83,45488.86,208.8,166.73,147
2-May-18,114.09,45196.37,209,165.15,145.5
3-May-18,113.64,44746.63,207,164.5,143.98
4-May-18,113.62,44536.91,206,163.88,143.33
7-May-18,113.18,44378.52,206,164.85,141.05
8-May-18,111.82,44066.96,202.11,164.2,141.4
9-May-18,106.1,43795,205.98,164.08,139.76
10-May-18,107.45,43855.78,202,165,140.75
11-May-18,105.5,43594.79,199.8,164.5,139.5
14-May-18,103.18,42498.86,198.13,159.5,133.52
15-May-18,107.27,42459.53,200,163.01,135.5
16-May-18,107.27,42301.2,199.6,161.07,135
17-May-18,104.55,41869.65,195,162,132.1
18-May-18,104,41623.52,197.45,161.56,132.49
21-May-18,101.83,41648.65,198,161,130.69
22-May-18,106.92,42744.82,199.75,162.01,135.08
23-May-18,108.18,42772.25,203,161.72,134.51
24-May-18,105.45,42536.16,198.1,160.5,137.1
25-May-18,101.92,42074.09,199.98,159.88,133.89
28-May-18,101.82,42138.57,198.5,156.5,137.55
29-May-18,104.55,42622.74,203.51,160.01,144.73
30-May-18,103.64,42546.48,200,159.6,145.55
31-May-18,102.82,42846.64,203.89,162.89,145.01
1-Jun-18,102.73,42912.81,205,159,145
4-Jun-18,103.86,43268.29,209,161.5,152
5-Jun-18,103.02,43702.58,212,162.7,153
6-Jun-18,104.09,44144.2,214.36,162.3,150.02
7-Jun-18,103.64,43948.11,213.32,162.65,148.65
11-Jun-18,101.36,43931.16,210.55,165.2,154
12-Jun-18,98.18,43228.9,207,164.85,151.51
13-Jun-18,98.18,43507.5,207.25,165.99,152.5
14-Jun-18,98.18,43680.68,206,167.02,153.1
19-Jun-18,100,43682.84,201.46,164.43,152.18
20-Jun-18,98.18,43002.83,198.25,161,148.65
21-Jun-18,95.45,42358.61,198,159.66,146
22-Jun-18,95.45,41637.38,197.9,156.54,143.51
25-Jun-18,90.68,40978.23,201,153,138.86
26-Jun-18,90,41246.09,199.51,155.01,138.8
27-Jun-18,89.09,41717.99,199.18,155.89,141.95
28-Jun-18,90.91,41997.85,199.45,156,143.09
29-Jun-18,88.39,41910.9,197.77,155.62,140.92
2-Jul-18,83.97,41734.05,200,154.95,139.15
3-Jul-18,82.57,41564.42,200,155.13,136.7
4-Jul-18,78.45,40345.68,196,148,130.84
5-Jul-18,78.18,40238.81,195.5,148,130.92
6-Jul-18,78.18,40284.14,196.5,149.25,131
9-Jul-18,76.36,39288.48,190,147.6,125.2
10-Jul-18,76.91,39452.81,189.9,149.5,128.2
11-Jul-18,76.36,39586.76,191.94,150.66,129.31
12-Jul-18,77.27,39875.12,194,149,132
13-Jul-18,78.18,40271,204.02,149.03,132.25
16-Jul-18,73.22,39665.77,200,146.41,128.37
17-Jul-18,74.96,39932.98,202.83,146.39,132
18-Jul-18,78.71,40897.9,204.25,149,136.87
19-Jul-18,82.45,41795.59,209.5,151,139
20-Jul-18,79.92,41221.75,208.28,149,135
23-Jul-18,76.82,40463.98,203,146.81,131.01
24-Jul-18,80.14,41339.22,205.01,149.48,134.62
26-Jul-18,84.09,42089.16,212,150.5,136
27-Jul-18,85.45,42786.45,213,151.75,139.28
30-Jul-18,88.41,43556.63,214.98,153.31,141.9
31-Jul-18,84.33,42712.43,207,150.75,137
1-Aug-18,83.94,42810.04,205.1,153,138.12
2-Aug-18,82.73,42330.32,201.29,151.8,135
3-Aug-18,81.82,42505.05,203.99,152.7,138.12
6-Aug-18,84.09,42808.66,206,152.58,139.7
7-Aug-18,87.04,42760.13,205,152.37,139.15
8-Aug-18,85.36,42731.86,205.99,152.91,139.76
9-Aug-18,86.32,42923.95,206.77,152.11,143.32
10-Aug-18,85.96,42842.18,205,152.25,141.5
13-Aug-18,85.27,42637.58,202,153.1,136
15-Aug-18,83.73,42446.56,202.11,153,136.5
16-Aug-18,83.64,41960.8,199.99,151.57,135.45
17-Aug-18,84.55,42446.62,201.6,153.4,136.66
20-Aug-18,83.86,42425.1,201.5,153.26,138.47
24-Aug-18,84.95,42588.29,203.6,153.99,138.99
27-Aug-18,85.86,42745.78,204,155,139.25
28-Aug-18,85,42544.47,206.8,154.6,139.5
29-Aug-18,80.72,42249.44,205,154.49,137.5
30-Aug-18,78.45,41863.52,204,153.37,135
31-Aug-18,76.82,41742.24,200,152.02,135.35
3-Sep-18,75.91,41581.96,199.5,151.75,135
4-Sep-18,78.18,41753.89,203,152.75,136.5
5-Sep-18,75.93,41620.96,200.85,152.75,134.94
6-Sep-18,72.83,41266.39,202.5,152.5,134.5
7-Sep-18,70.27,40854.77,202,150.5,132.5
10-Sep-18,72.73,40684.05,199.05,150.5,132.51
11-Sep-18,72.73,40759.53,198.02,152.2,139.39
12-Sep-18,72.73,40522.04,197.02,151.9,140.55
13-Sep-18,73.51,41049.91,200,153.97,143.04
14-Sep-18,75.41,40920.31,200,154,141.5
17-Sep-18,73.64,40520.47,200,152,141.5
18-Sep-18,75,41238.07,200,152.6,144.01
19-Sep-18,75,41320.13,201,152.5,144.9
24-Sep-18,73.62,41004.55,200.99,152.97,142.5
25-Sep-18,71.56,41036.3,199.87,153.31,142.5
26-Sep-18,71.45,40909.91,201,152.51,141.6
27-Sep-18,71.36,40851.8,201.79,152.66,139.5
28-Sep-18,73.64,40998.59,199.02,153,141
1-Oct-18,73.18,40929.44,201,151.94,142
2-Oct-18,72.83,40800.25,198.79,152.79,142
3-Oct-18,72.72,40560.19,196.4,151.5,140.2
4-Oct-18,70.91,40087.12,193.5,150.43,139.9
5-Oct-18,68.18,39226.35,192,146.6,135
8-Oct-18,60.95,37898.29,187,143.5,128.25
9-Oct-18,57.9,38504.84,189.9,151.01,134
10-Oct-18,56.82,38792.09,195.01,152.5,132.04
11-Oct-18,56.35,38398.3,192.82,151.5,129
12-Oct-18,53.64,37517.93,187,150,128
15-Oct-18,51.05,36767.57,180,148.19,124.04
16-Oct-18,51.59,36663.38,179.91,146.95,127.4
17-Oct-18,53.66,37647.34,177.98,151,132.2
18-Oct-18,52.74,37982.25,177,148.6,128.97
19-Oct-18,54.76,38430.27,180,148.21,131.5
22-Oct-18,53.64,38345.42,178,149.5,130
23-Oct-18,52.41,37714.9,178,146.5,129.1
24-Oct-18,54.53,39271.12,186.41,151.71,135.88
25-Oct-18,57.25,39631.91,185.55,150.5,138.8
26-Oct-18,60.05,40556.45,191.1,157.74,143.52
29-Oct-18,63.05,41453.76,197.44,159.73,147.25
30-Oct-18,66.19,41609.03,198,159.01,145.5
31-Oct-18,68.65,41649.36,197,158.01,146
1-Nov-18,71.73,41716.1,196.51,157.3,152
2-Nov-18,73.26,42004.09,198.19,156.47,150.95
5-Nov-18,70.91,41493.96,194.99,155.3,148.1
6-Nov-18,67.3,40958.53,192,153.05,145.6
7-Nov-18,70.63,41543.98,194.5,154.01,150
8-Nov-18,68.62,41367.38,198,153.89,150.25
9-Nov-18,68.77,41388.88,198.6,152.52,153
12-Nov-18,66.36,41096.33,200.88,152,153
13-Nov-18,65.82,41152.28,199.05,152.02,153.73
14-Nov-18,68.94,40994.05,199,147.29,152.02
15-Nov-18,72.38,41428.63,200.8,148.35,152
16-Nov-18,76,41660.75,202.7,151.01,151.6
19-Nov-18,78.18,41352.77,199.01,150.25,149.99
20-Nov-18,79.09,41419.24,198.01,150.75,148.87
22-Nov-18,81.27,40874.03,197,146.2,149
23-Nov-18,82.73,40869.28,200,143.9,145.91
26-Nov-18,81.83,40771.55,201,142.6,149.5
27-Nov-18,77.89,40894.22,195.95,144,148
28-Nov-18,76.05,40704.8,197.5,142.34,146.4
29-Nov-18,75.32,40638.83,198.95,140.81,147.99
30-Nov-18,71.47,40496.03,206.1,147.54,147.82
3-Dec-18,67.9,39160.6,200.5,144.46,140.43
4-Dec-18,66.29,39602.87,207,147.5,141.5
5-Dec-18,64.31,39303.11,204.61,146.35,140.99
6-Dec-18,61.8,38300.62,195.25,144.49,133.55
7-Dec-18,65.52,38562.05,199,140.29,137
10-Dec-18,66.05,39299.62,198.2,146.51,134.75
11-Dec-18,64.99,38851.96,197,142.1,133.49
12-Dec-18,63.64,38307.44,193.71,140.8,132
13-Dec-18,64.08,38011.63,193.34,138.5,131
14-Dec-18,63.88,38585.66,193.25,139.11,132.03
17-Dec-18,63.65,38309.17,195.5,138.5,128
18-Dec-18,63.68,38115.81,192.55,137.86,129
19-Dec-18,64.11,38063.15,204,134.67,130.53
20-Dec-18,64.14,38236.52,198.63,133.35,133.04
21-Dec-18,65.23,38251.04,193,133.5,133.59
24-Dec-18,64.48,38308.92,193.51,133,132.62
26-Dec-18,64.64,38218.07,191.15,131.54,131.9
27-Dec-18,64.55,37853.57,192.51,133.04,131.54
28-Dec-18,61.97,37167.02,189.38,127.72,130.47
31-Dec-18,63.64,37066.67,194,128.05,126.53
1-Jan-19,66.36,37995.76,195,134.4,132.85
2-Jan-19,64.64,37795.25,189.94,134.15,135
3-Jan-19,65.14,37542.01,189,130,135.43
4-Jan-19,65.32,37547.49,187.99,130,136.85
7-Jan-19,66.36,38562.4,194,135.7,140.74
8-Jan-19,67.74,39052.5,193,139.3,138.56
9-Jan-19,66.55,38921.69,193.5,139.52,136.5
10-Jan-19,66,39090.28,194.75,142.96,136
11-Jan-19,64.55,39049.08,195,142.5,137.85
14-Jan-19,64.15,39412.55,195.6,142.06,139
15-Jan-19,62.51,39614.17,197,146.23,139.5
16-Jan-19,62.09,39271.94,195.21,144.91,140
17-Jan-19,62.82,39243.89,195.89,144.7,138.5
18-Jan-19,62.64,39306.5,195,145.01,139
21-Jan-19,61.29,39543.77,197.5,147.87,137.11
22-Jan-19,61.96,39902.21,199.5,148.62,139
23-Jan-19,62.22,40057.85,199.78,149.5,140.5
24-Jan-19,62.91,40289.16,205.41,149.62,139.66
25-Jan-19,62.47,40264.78,204,148.26,139.5
28-Jan-19,62.55,40420.09,206.5,147.59,141.97
29-Jan-19,62.64,40624.39,207.75,149.7,141.64
30-Jan-19,61.83,40607.12,209,150,141.5
31-Jan-19,61.82,40799.52,208.34,150.44,142.75
1-Feb-19,62.73,41112.71,209.26,149.9,143
4-Feb-19,65.84,41614.39,209.6,151.93,145.85
6-Feb-19,67.27,41505.68,209.48,150.25,148
7-Feb-19,66.46,41332.75,209,149.89,145.5
8-Feb-19,66.27,40887.35,207,147.4,142.75
11-Feb-19,65.73,40326.53,203,145.5,141.5
12-Feb-19,68.64,40596.28,203.75,148.8,143
13-Feb-19,69.75,40544.11,205,149.32,143.41
14-Feb-19,68.86,40506.98,205,150.09,143.02
15-Feb-19,69.77,40486.67,206,150.5,143
18-Feb-19,69.09,40219.47,204.5,150.5,142
19-Feb-19,67.28,39957.07,205,150.02,140.08
20-Feb-19,66.84,40279.38,205.5,152.9,142.05
21-Feb-19,66.83,40070.71,209.9,153.01,142.05
22-Feb-19,67.26,40016.13,212.89,154.2,142
25-Feb-19,66.55,39606.79,212.75,152.74,141
26-Feb-19,65,38821.67,209.01,148.55,135.6
27-Feb-19,64.91,38692.69,207,148,140
28-Feb-19,64.1,39054.6,205.13,149.49,140
1-Mar-19,63.82,39539.01,206,153.25,139
4-Mar-19,63,39749.74,203.95,153.7,142.9
5-Mar-19,62.41,39688.51,202.08,151.83,142.45
6-Mar-19,62.27,39568.1,200.5,149.9,142.35
7-Mar-19,61.95,39294.1,200.11,146.1,139.6
8-Mar-19,61.82,38950.23,196.42,145.08,138
11-Mar-19,61.77,38924.11,197.03,144.2,137.75
12-Mar-19,61.82,38896.49,194.75,145.53,137
13-Mar-19,61.82,38928.93,194.4,144.85,136.16
14-Mar-19,60.91,38808.61,194.5,142.94,137.73
15-Mar-19,59.95,38306.95,190.5,142,134.99
18-Mar-19,58.64,38851.95,198.5,143.28,135.25
19-Mar-19,57.73,38612.37,198,142.15,133.91
20-Mar-19,57.29,38547.76,196,142.7,133
21-Mar-19,56.97,38384.71,196,141.71,133.4
22-Mar-19,55.9,38531.87,196.99,145.94,133.2
25-Mar-19,55.95,38128.66,196,143.5,130
26-Mar-19,56.36,38329.13,197.5,147.31,129.89
27-Mar-19,57.26,38965.01,196,149.72,133
28-Mar-19,54.62,38552.95,195.99,146.15,131.99
29-Mar-19,57.27,38649.34,196.5,147.65,134.61
1-Apr-19,55.45,38354.85,195.29,147.25,133.23
2-Apr-19,54.55,38036.03,192.7,146.5,132.08
3-Apr-19,55.09,38022.8,192,149,130.71
4-Apr-19,53.64,37516.11,191,147.8,127
5-Apr-19,53.41,37521.81,190.28,147.77,128.65
8-Apr-19,50.8,36921.91,191,145.51,123.75
9-Apr-19,48.26,37129.97,188.99,146.92,122.55
10-Apr-19,45.88,36579.32,185.99,142.17,119.5
11-Apr-19,43.59,36787.64,187.45,143.9,123.89
12-Apr-19,44.72,37337.87,189,144.4,126.19
15-Apr-19,43.32,37504.08,189,144.88,125
16-Apr-19,43.62,37381.95,188,144.49,125.55
17-Apr-19,41.35,36752.57,186,143,126
18-Apr-19,39.24,36811.86,185,143.7,125.5
19-Apr-19,37.83,37292.47,192,144.59,126
22-Apr-19,38.62,36901.69,190,143.66,123
23-Apr-19,37.45,36404.03,191,142.01,119
24-Apr-19,39.31,36504.25,190.54,143.7,119.28
25-Apr-19,38.97,36796.03,191.5,144,119.5
26-Apr-19,40.92,37130.63,190,144.4,125
29-Apr-19,41.14,37026.27,189,142.45,121.01
30-Apr-19,40.45,36784.44,190,140.5,121.5
2-May-19,40.68,36547.63,190,140.61,121
3-May-19,39.81,36122.95,187.48,138.26,121
6-May-19,37.77,35605.42,185,136.5,118
7-May-19,36.43,35631.06,187,137.04,119.8
8-May-19,35.77,35035.03,182.1,135,116
9-May-19,37.27,34887.64,177.02,136.9,114.15
10-May-19,36.59,34716.53,180,136.14,116
13-May-19,34.76,33900.38,181.21,132.43,110
14-May-19,33.03,33885.09,179.35,133.56,108.02
15-May-19,33.64,34291.65,177,136.51,112
16-May-19,32.1,33971.12,175.85,135.34,110.99
17-May-19,30.5,33166.62,171,132.9,104.25
20-May-19,29.13,33250.54,171,130.67,109.45
21-May-19,29.24,33442.1,168.62,136.39,105.1
22-May-19,30.69,34637.14,171.2,143.18,111.28
23-May-19,32.22,35581.34,174.8,142.73,115
24-May-19,33.06,35703.81,175,138.57,114.99
27-May-19,31.78,35697.37,175,137.82,115
28-May-19,30.2,34949.28,175,133.2,108.51
29-May-19,31.7,35959.43,178,137.83,112.31
30-May-19,30.45,35974.79,176.1,136.51,107
3-Jun-19,29.32,35505.29,181,130.9,101.42
10-Jun-19,27.86,34567.55,178.35,126.69,96.36
11-Jun-19,27.73,34659.85,175.3,129.82,97
12-Jun-19,28.91,34937.93,176,131.48,97.25
13-Jun-19,30.55,35403.07,179,131.1,98.57
14-Jun-19,31.96,35572.95,178.5,132.9,103.49
17-Jun-19,31.35,35168.82,175.05,130.91,103.97
18-Jun-19,29.79,34681.72,171.51,131.3,101.67
19-Jun-19,30.13,34656.12,174.88,133.54,99.88
20-Jun-19,30.91,34995.91,175.8,134.43,101
21-Jun-19,30.03,35125.25,176.32,136.65,102
24-Jun-19,28.55,34471.95,175.5,134.55,100.5
25-Jun-19,28.61,34190.62,174,133.63,99.24
26-Jun-19,28.06,34088.56,174,133.93,97
27-Jun-19,26.82,33774.42,173.01,132,92.61
28-Jun-19,27.69,33901.58,174.45,131.49,94.85
1-Jul-19,28.05,33996.33,172.24,131.2,95.8
2-Jul-19,28.95,34307.11,174,131.5,95.84
3-Jul-19,30.55,34896.55,175.61,134.48,98.21
4-Jul-19,29.03,34570.62,178,132.26,95.99
5-Jul-19,29.21,34190.02,174.99,131.02,92.8
8-Jul-19,29.27,33742.68,176,129.34,91
9-Jul-19,29.1,33855.58,175.5,130.65,91.72
10-Jul-19,30.56,33840.05,175,131,91.34
11-Jul-19,30.64,33875.4,175.15,130.77,91.5
12-Jul-19,29.73,33672.49,175.06,130.9,90.96
15-Jul-19,28.22,32958.35,174,129,86.06
16-Jul-19,29.63,32972.02,175.99,127.8,83.49
17-Jul-19,29.57,32981.99,175.1,127.37,80.32
18-Jul-19,28.1,32309.54,175,124.65,76.31
19-Jul-19,28.86,32458.77,175.14,127,77.15
22-Jul-19,28.45,32584.55,175.02,128.95,79.98
23-Jul-19,29.45,32715.88,174.78,129.04,79.59
24-Jul-19,28.71,32401.4,177,127.85,75.75
25-Jul-19,28.18,32446.4,176.95,129.43,76
26-Jul-19,27.16,32103.27,176.97,127.62,72.42
29-Jul-19,25.86,31734.23,175.89,127.49,73.69
30-Jul-19,24.62,31658.12,175,125.7,73
31-Jul-19,23.48,31938.48,174.56,126.75,74
1-Aug-19,24.55,31839.11,172.05,126.7,73.99
2-Aug-19,24.7,31666.41,168.5,126,74.39
5-Aug-19,24,31180.8,166.4,125.2,71.5
6-Aug-19,23.91,31000.67,161.1,123.5,70.51
7-Aug-19,23.55,30277.45,159.5,119.1,67.22
8-Aug-19,22.54,29737.98,154,115.5,67.4
9-Aug-19,23.08,29429.07,155.23,112.9,66.55
16-Aug-19,22.39,28764.63,155.5,107.56,64.51
19-Aug-19,23.41,29562.42,163.48,112.92,67.68
20-Aug-19,23.64,30419.22,171.65,115.5,70
21-Aug-19,24.91,30972.75,171.6,120,73.02
22-Aug-19,25.89,31884.45,174.5,124.24,76.63
23-Aug-19,26.18,31350.01,172,122.28,74.5
26-Aug-19,24.78,30520.6,167.5,116.17,74.5
27-Aug-19,25.45,30584.85,167.25,113.69,75.49
28-Aug-19,25.5,30637.71,166.75,113.5,76.75
29-Aug-19,24.87,30158.96,167,108.5,72
30-Aug-19,24.09,29672.12,168.51,104.56,72.35
2-Sep-19,24.53,30057.29,166,106.24,73.95
3-Sep-19,24.54,29809.68,162.75,105.61,75
4-Sep-19,25.37,30244.73,166,110.62,79.03
5-Sep-19,25,30214.77,162.5,110,76.15
6-Sep-19,24.64,30467.2,163.01,114.95,76.2
11-Sep-19,24.23,30954.83,169,118.35,77.99
12-Sep-19,25.69,31546.61,172.9,118.7,80.66
13-Sep-19,25.36,31481.31,169.05,120,81.96
16-Sep-19,25.41,31928.55,171.49,125.9,81.75
17-Sep-19,25.36,31908.92,170,126.02,82.5
18-Sep-19,25,31555.47,170,124.12,80.48
19-Sep-19,25.41,32184.03,170,125.98,83.55
20-Sep-19,24.55,32111.1,171.5,124.37,83.25
23-Sep-19,24.25,31751.21,167.5,120.05,80.99
24-Sep-19,24.14,31829.24,166.3,120.88,81.01
25-Sep-19,24.55,31565.21,164.05,119.25,81.44
26-Sep-19,24.72,31433.89,165.69,119.15,80
27-Sep-19,25.45,32070.81,167.15,122.79,83.01
30-Sep-19,25.47,32078.85,171,123.99,83.11
1-Oct-19,26.89,32254.32,170,122.55,85
2-Oct-19,28.23,32363.35,167.82,121,84.1
3-Oct-19,29.64,32752.25,169.5,121.5,85.5
4-Oct-19,31.09,33033.32,169.99,124.61,87.75
7-Oct-19,32.65,33636.82,172.7,127,90.1
8-Oct-19,32,33476.62,172,125.25,89.99
9-Oct-19,32.8,33523.74,169.25,124.25,88.5
10-Oct-19,33,34027.7,171.5,126.15,89.21
11-Oct-19,33.65,34475.69,172.72,128.97,92.6
14-Oct-19,33.6,34186.26,169.5,130.2,88.6
15-Oct-19,32.35,34083.53,170.03,129.01,89.55
16-Oct-19,32.71,34281.09,170.66,128.01,88
17-Oct-19,32.12,33898.56,169.75,126.77,87.49
18-Oct-19,31.95,33870.15,169,126.75,86.6
21-Oct-19,30.39,33084.73,164,123,83.93
22-Oct-19,30.6,33198.96,166,124,83.1
23-Oct-19,31.42,33439.69,170.25,125.22,84.02
24-Oct-19,30.72,33762.48,171,128.37,86
25-Oct-19,31.25,33657.46,169.25,129.01,84.74
28-Oct-19,32.47,33861.59,171.02,129.44,85.02
29-Oct-19,34,33797.51,171,127.66,84
30-Oct-19,34.9,33761.41,171.5,128.75,84
31-Oct-19,36.54,34203.68,174.9,128.55,84
1-Nov-19,38.35,34377.61,175,127.65,83.6
4-Nov-19,40.26,35277.46,183.38,129.25,86.1
5-Nov-19,41.45,35358.31,187.5,130.5,87.15
6-Nov-19,43.4,35653.33,189.9,129.02,87.05
7-Nov-19,42.69,35758.52,189.99,129,88.24
8-Nov-19,41.8,35978.16,193,130.56,88.41
11-Nov-19,43.77,36803.1,192.5,134.6,92.79
12-Nov-19,45.75,36765.56,190.5,133.75,93.85
13-Nov-19,47.49,37166.96,191.99,134.55,98.01
14-Nov-19,50.06,37243.2,191.5,134.75,98.52
15-Nov-19,52.35,37583.89,191.75,134.5,99
18-Nov-19,51.66,38411.56,191.89,135.99,101.99
19-Nov-19,49.4,38564.37,193.4,134.5,104.75
20-Nov-19,47.85,38037.68,189.99,132.49,104.3
21-Nov-19,45.53,37101.31,187,131,100.11
22-Nov-19,47.88,37925.79,191.5,133.66,101.71
25-Nov-19,50.25,38212.28,195.01,133.75,101
26-Nov-19,50,37795.05,189.89,130.25,96.25
27-Nov-19,50.29,38122.72,200,131.03,95.5
28-Nov-19,51.34,38706.27,198.62,132.12,98.98
29-Nov-19,52.31,39287.65,199,131.75,100
2-Dec-19,53.35,40124.22,210.55,128.19,105.27
3-Dec-19,50.52,39788.73,213.48,127.1,106.01
4-Dec-19,52.47,40270.52,216,128.65,108.9
5-Dec-19,52.19,40641.1,215.51,129.1,107
6-Dec-19,51.4,40732.25,215.5,130.67,105.3
9-Dec-19,50,40442.8,214,131.25,104.01
10-Dec-19,52.36,40664.6,213.51,130.35,104.11
11-Dec-19,52.5,40531.42,212,128,103
12-Dec-19,52.24,40514.17,211.2,129.98,103.8
13-Dec-19,52.49,40916.59,212.5,135.36,108.38
16-Dec-19,54.91,41644.88,213,140.89,113.79
17-Dec-19,56.27,41768.66,214,146.77,109.51
18-Dec-19,55.01,41603.71,211.53,142.29,108.6
19-Dec-19,54,40655.37,210,137.1,107.75
20-Dec-19,55.3,40832.99,207.1,140.81,103.25
23-Dec-19,54.3,40008.29,206.5,137.01,101.25
24-Dec-19,53.65,40328.32,207.55,142,103.15
26-Dec-19,55.02,41127.79,211,146.7,106.9
27-Dec-19,53.38,40848.53,208.93,143.55,105.6
30-Dec-19,53.5,40887.62,204,142,106
31-Dec-19,53,40735.08,211,142.2,105.6
